﻿;
-- TODO: Remove this line. Not sure why it doesn't work without this line.
--------------------------------------------------------------------------------

-- Populate tables

-- Populate departments table
INSERT INTO departments (id, name, description)
VALUES (1, 'Holiday', 'Prepare for the holidays with our special collection of seasonal hats!');
INSERT INTO departments (id, name, description)
VALUES (2, 'Caps and Berets', 'The perfect hats to wear at work and costume parties!');
INSERT INTO departments (id, name, description)
VALUES (3, 'Costume Hats', 'Find the matching hat for your new costume!');

-- Populate categories table
INSERT INTO categories (id, department_id, name, description)
VALUES (1, 1, 'Christmas Hats', 'Enjoy browsing our collection of Christmas hats!');
INSERT INTO categories (id, department_id, name, description)
VALUES (2, 1, 'Halloween Hats', 'Find the hat you''ll wear this Halloween!');
INSERT INTO categories (id, department_id, name, description)
VALUES (3, 1, 'St. Patrick''s Day Hats', 'Try one of these beautiful hats on St. Patrick''s Day!');
INSERT INTO categories (id, department_id, name, description)
VALUES (4, 2, 'Berets', 'An amazing collection of berets from all around the world!');
INSERT INTO categories (id, department_id, name, description)
VALUES (5, 2, 'Driving Caps', 'Be an original driver! Buy a driver''s hat today!');
INSERT INTO categories (id, department_id, name, description)
VALUES (6, 3, 'Theatrical Hats', 'Going to a costume party? Try one of these hats to complete your costume!');
INSERT INTO categories (id, department_id, name, description)
VALUES (7, 3, 'Military Hats', 'This collection contains the most realistic replicas of military hats!');

-- Populate products table
INSERT INTO products (id, name, description, price, discounted_price, image, thumbnail, display)
VALUES (1, 'Christmas Candy Hat',
        'Be everyone''s "sweetie" while wearing this fun and festive peppermint candy hat. The Christmas Candy hat, made by Elope, stands about 15 inches tall and has a sizing adjustment on the inside.',
        '24.99', '0.00', 'ChristmasCandyHat.jpg', 'ChristmasCandyHat.thumb.jpg', 0);
INSERT INTO products (id, name, description, price, discounted_price, image, thumbnail, display)
VALUES (2, 'Hanukah Hat',
        'The Hanukah hat is a fun and festive way for you to enjoy yourself during the holiday. Made by Elope and adorned with 9 candles, this menorah is sure to brighten the winter celebration.',
        '24.99', '21.99', 'HanukahHat.jpg', 'HanukahHat.thumb.jpg', 2);
INSERT INTO products (id, name, description, price, discounted_price, image, thumbnail, display)
VALUES (3, 'Springy Santa Hat',
        'Santa Hat - Boing-Boing-Boing. Santa will be springing into town with this outrageous cap! If your children are whiney and clingy ... and your head''s going ping-pong-pingy ... and you feel like just rowing away in your rubber dinghy ... Take heart! You''ll bounce bounce back ... if you just put on our Santa hat that''s Springy!',
        '19.99', '0.00', 'SpringySantaHat.jpg', 'SpringySantaHat.thumb.jpg', 0);
INSERT INTO products (id, name, description, price, discounted_price, image, thumbnail, display)
VALUES (4, 'Plush Santa Hat',
        'Get into the spirit of the season with this plush, velvet-like, Santa hat. Comes in a beautiful crimson red color with a faux-fur trim.',
        '12.99', '0.00', 'PlushSantaHat.jpg', 'PlushSantaHat.thumb.jpg', 0);
INSERT INTO products (id, name, description, price, discounted_price, image, thumbnail, display)
VALUES (5, 'Red Santa Cowboy Hat',
        'This velvet Cowboy Santa Hat is one size fits all and has white faux-fur trim all around. Here comes Santa Claus ... Here comes Santa Claus ... right down Cowboy Lane!',
        '24.99', '0.00', 'RedSantaCowboyHat.jpg', 'RedSantaCowboyHat.thumb.jpg', 0);
INSERT INTO products (id, name, description, price, discounted_price, image, thumbnail, display)
VALUES (6, 'Santa Jester Hat',
        'This three-prong velvet jester is one size fits all and has an adjustable touch fastener back for perfect fitting.',
        '24.99', '0.00', 'SantaJesterHat.jpg', 'SantaJesterHat.thumb.jpg', 0);
INSERT INTO products (id, name, description, price, discounted_price, image, thumbnail, display)
VALUES (7, 'Santa''s Elf Hat',
        'Be Santa''s best looking helper with this velvet hat, complete with attached ears. So, if you don''t wanna be yourself ... don''t worry ... this Christmas, just be Santa''s elf! Happy Holidays!',
        '24.99', '16.95', 'Santa''sElfHat.jpg', 'Santa''sElfHat.thumb.jpg', 1);
INSERT INTO products (id, name, description, price, discounted_price, image, thumbnail, display)
VALUES (8, 'Chauffeur Hat',
        'Uniform Chauffeur Cap. This cap is the real thing. Well-made and professional looking, our Chauffeur hat gets so many compliments from our customers who buy (and wear) them. It''s absolutely amazing how many of these we sell. One thing''s for sure, this authentic professional cap will let everyone know exactly who''s in the driver''s seat. So ... whether you''re driving Miss Daisy ... or driving yourself crazy ... I''ll bet your wife will coo and purr ... when she sees you in our authentic chauffer!',
        '69.99', '0.00', 'ChauffeurHat.jpg', 'ChauffeurHat.thumb.jpg', 0);
INSERT INTO products (id, name, description, price, discounted_price, image, thumbnail, display)
VALUES (9, 'The Pope Hat',
        'We''re not sure what the Vatican''s official position is on this hat, but we do know your friends will love you in this soft velour hat with gold lame accents. If you''re somewhat lacking in religion ... if you''re looking for some hope ... you might acquire just a smidgeon ... by faithfully wearing our Pope!',
        '29.99', '0.00', 'ThePopeHat.jpg', 'ThePopeHat.thumb.jpg', 0);
INSERT INTO products (id, name, description, price, discounted_price, image, thumbnail, display)
VALUES (10, 'Vinyl Policeman Cop Hat',
        'A hat that channels the 70s. This oversized vinyl cap with silver badge will make you a charter member of the disco era ... or is that disco error?',
        '29.99', '0.00', 'VinylPolicemanCopHat.jpg', 'VinylPolicemanCopHat.thumb.jpg', 0);
INSERT INTO products (id, name, description, price, discounted_price, image, thumbnail, display)
VALUES (11, 'Burgundy Kings Crown',
        'Our burgundy Kings Crown is one size fits all. This crown is adorned with gold ribbon, gems, and a faux-fur headband. Be King for a Day ... Finally get your say ... Put your foot down ... and do it with humor, wearing our Elegant Burgundy King''s Crown!',
        '34.99', '25.95', 'BurgandyKingsCrown.jpg', 'BurgandyKingsCrown.thumb.jpg', 2);
INSERT INTO products (id, name, description, price, discounted_price, image, thumbnail, display)
VALUES (12, '454 Black Pirate Hat',
        'Our wool felt Pirate Hat comes with the front and back brims turned upward. This sized hat has the pirate emblem on the front. So, ho, ho, ho and a bottle of rum ... if you''re about as crazy as they come ... wear our Pirate hat this coming Halloween ... and with an eyepatch to boot, you''ll be lusty, lean and mean!',
        '39.99', '0.00', '454BlackPirateHat.jpg', '454BlackPirateHat.thumb.jpg', 0);
INSERT INTO products (id, name, description, price, discounted_price, image, thumbnail, display)
VALUES (13, 'Black Puritan Hat',
        'Haentze Hatcrafters has been making quality theatrical and military headgear for decades. Each hat is made meticulously by hand with quality materials. Many of these hats have been used in movies and historical reproductions and re-enactments.',
        '89.99', '75.99', 'BlackPuritanHat.jpg', 'BlackPuritanHat.thumb.jpg', 2);
INSERT INTO products (id, name, description, price, discounted_price, image, thumbnail, display)
VALUES (14, 'Professor McGonagall Witch Hat',
        'Professor McGonagall, Deputy Headmistress of Hogwarts and Head of Gryffindor House, commands respect in this dramatic witch hat - and so will you! The inside of this hat has a touch fastener size-adjustment tab. The hat is a must for all Harry Potter fans!',
        '24.99', '0.00', 'ProfessorMcGonagallWitchHat.jpg', 'ProfessorMcGonagallWitchHat.thumb.jpg', 0);
INSERT INTO products (id, name, description, price, discounted_price, image, thumbnail, display)
VALUES (15, 'Black Wizard Hat',
        'This cool Merlin-style wizard hat by Elope has a dragon that lays around the whole hat. The wizard hat is one size fits all and has a touch fastener on the inside to adjust accordingly.',
        '34.99', '0.00', 'BlackWizardHat.jpg', 'BlackWizardHat.thumb.jpg', 0);
INSERT INTO products (id, name, description, price, discounted_price, image, thumbnail, display)
VALUES (16, 'Leprechaun Hat',
        'Show them the green! This hand-blocked, wool felt hat will make you the hit of this year''s St. Paddy''s Day Celebration! Oh yes, the green you will don ... and what better way, hon ... than if this St. Patrick''s Day ... you''re wearing our cool Leprechaun!',
        '88.99', '0.00', 'LeprechaunHat.jpg', 'LeprechaunHat.thumb.jpg', 0);
INSERT INTO products (id, name, description, price, discounted_price, image, thumbnail, display)
VALUES (17, '9 Green MadHatter Top Hat',
        'Each of our MadHatter hats is made meticulously by hand with quality materials. Many of these hats have been used in movies and historical reproductions and re-enactments.',
        '149.99', '124.95', '9GreenMadHatterTopHat.jpg', '9GreenMadHatterTopHat.thumb.jpg', 2);
INSERT INTO products (id, name, description, price, discounted_price, image, thumbnail, display)
VALUES (18, 'Winter Walking Hat',
        'Our declarative English walking hat by Christy''s of London comes in 100% Lana Wool and reveals a finished satin lining. Christy''s has been making hats since 1773 and knows how to make the best! Want proof? Try this one ... Irish eyes will be smiling.',
        '49.99', '0.00', 'WinterWalkingHat.jpg', 'WinterWalkingHat.thumb.jpg', 0);
INSERT INTO products (id, name, description, price, discounted_price, image, thumbnail, display)
VALUES (19, 'Green MadHatter Hat',
        'St. Patrick''s Day Hat - Luck o'' the Irish! This oversized green velveteen MadHatter is great for St.Patrick''s day or a MadHatter''s tea party.One size fits most adults.',
        '39.99', '28.99', 'GreenMadHatterHat.jpg', 'GreenMadHatterHat.thumb.jpg', 2);
INSERT INTO products (id, name, description, price, discounted_price, image, thumbnail, display)
VALUES (20, 'Hole in One Golf Costume Hat',
        'Golf Hat - OK, Ace. This spoof golfer''s hat sports an astro-turf "green," has an attached golf ball and flag, and includes a soft elastic band  for comfort. This hat also makes a great gift that is definitely "up to par" for any goofball''s - uh - golfballer''s taste. Perfect for Dad! And don''t you fore-get-it!',
        '29.99', '0.00', 'HoleinOneGolfCostumeHat.jpg', 'HoleinOneGolfCostumeHat.thumb.jpg', 0);
INSERT INTO products (id, name, description, price, discounted_price, image, thumbnail, display)
VALUES (21, 'Luck of the Irish Bowler',
        'This one size fits all Irish Derby comes with a shamrock attached to the side. This hat is made of a soft velvet and is comfortably sized.',
        '29.99', '0.00', 'LuckoftheIrishBowler.jpg', 'LuckoftheIrishBowler.thumb.jpg', 0);
INSERT INTO products (id, name, description, price, discounted_price, image, thumbnail, display)
VALUES (22, 'St. Patrick''s Irish Green Derby',
        'This quality bowler will last you more than one St. Patrick''s Day! A proper derby for the day, it is made of wool felt and has a green grosgrain band. This hat is not lined.',
        '39.99', '0.00', 'St.Patrick''sIrishGreenDerby.jpg', 'St.Patrick''sIrishGreenDerby.thumb.jpg', 0);
INSERT INTO products (id, name, description, price, discounted_price, image, thumbnail, display)
VALUES (23, 'Black Basque Beret',
        'This is our tried and true men''s classic beret hat(tam). Our Basque beret is superbly crafted, 100% wool, and has a comfortable leather sweatband. Lined and water resistant, the beret is great for everyday wear and rolls up nicely to fit in your pocket. So ... if you''re antsy ... in your pantsy ... cause you wanna catch the fancy ... of the lady near your way ... then please don''t delay ... just get this beret ... today ... and soon you''ll be making hay!',
        '49.99', '0.00', 'BlackBasqueBeret.jpg', 'BlackBasqueBeret.thumb.jpg', 0);
INSERT INTO products (id, name, description, price, discounted_price, image, thumbnail, display)
VALUES (24, 'Cotton Beret',
        'The Parkhurst SunGuard line of headwear offers the comfort and breathability of cotton and provides up to 50 times your natural protection from the sun''s rays. Fashionable, durable, and washable, Sunguard is the only choice.',
        '12.95', '7.95', 'CottonBeret.jpg', 'CottonBeret.thumb.jpg', 2);
INSERT INTO products (id, name, description, price, discounted_price, image, thumbnail, display)
VALUES (25, 'Wool Beret',
        'This classic tam from Kangol is one size fits all. It''s composed of 100% wool and measures 11" in diameter.',
        '24.99', '0.00', 'WoolBeret.jpg', 'WoolBeret.thumb.jpg', 0);
INSERT INTO products (id, name, description, price, discounted_price, image, thumbnail, display)
VALUES (26, 'Military Beret',
        'As one of our best selling berets, this Black Military Beret is especially popular in these war-torn days. Made of wool felt, it''s a facsimile of what Monty wore in the deserts of Africa in World War II. We don''t guarantee any sweeping victories with this beret, but you might score a personal triumph or two!',
        '19.99', '12.95', 'MilitaryBeret.jpg', 'MilitaryBeret.thumb.jpg', 3);
INSERT INTO products (id, name, description, price, discounted_price, image, thumbnail, display)
VALUES (27, 'Bond-Leather Driver',
        'Leather was never so stylish. The Bond-Driver has an elastic sweatband for a sure fit. Seamed and unlined, this driver is perfect for cruising around town or saving the world.',
        '49.99', '0.00', 'Bond-LeatherDriver.jpg', 'Bond-LeatherDriver.thumb.jpg', 0);
INSERT INTO products (id, name, description, price, discounted_price, image, thumbnail, display)
VALUES (28, 'Moleskin Driver',
        'This quality ivy cap made by Christy''s comes with a finished lining. The material of this ivy is called moleskin and is very soft. If your life''s kinda in a hole ... and you wish you had a little more soul ... no need to beat your head against a pole, Ken ... just purchase our Christy''s Ivy Cap in Moleskin!',
        '29.99', '25.00', 'MoleskinDriver.jpg', 'MoleskinDriver.thumb.jpg', 2);
INSERT INTO products (id, name, description, price, discounted_price, image, thumbnail, display)
VALUES (29, 'Herringbone English Driver',
        'Herringbone is everywhere this year from head to toe. The English Driver ivy cap is made of wool with a cotton sweatband on the inside.',
        '29.99', '0.00', 'HerringboneEnglishDriver.jpg', 'HerringboneEnglishDriver.thumb.jpg', 0);
INSERT INTO products (id, name, description, price, discounted_price, image, thumbnail, display)
VALUES (30, 'Confederate Civil War Kepi',
        'Rebel Hat - Southern Hat - This kepi comes with the crossed musket emblem on the front.', '14.99', '0.00',
        'ConfederateCivilWarKepi.jpg', 'ConfederateCivilWarKepi.thumb.jpg', 0);
INSERT INTO products (id, name, description, price, discounted_price, image, thumbnail, display)
VALUES (31, 'Hillbilly Hat',
        'Blocked wool, with a rope band. Please allow 1-2 weeks for delivery. Some sizes available for immediate shipment. Corn Cob pipe not included! So, go ahead Joe, or Carl, or Billy ... act nutso and be silly ... because we''ve got you covered willy-nilly ... in our sleepy-hollow Hillbilly!',
        '139.99', '124.95', 'HillbillyHat.jpg', 'HillbillyHat.thumb.jpg', 2);
INSERT INTO products (id, name, description, price, discounted_price, image, thumbnail, display)
VALUES (32, 'Mother Goose Hat',
        'Sorceress Witch Hat - Boil, Boil, Toil and Trouble! Mix up a pot of your best witch''s brew in this blocked wool felt hat. Available in almost all color combinations - email us for more information.',
        '149.99', '0.00', 'MotherGooseHat.jpg', 'MotherGooseHat.thumb.jpg', 0);
INSERT INTO products (id, name, description, price, discounted_price, image, thumbnail, display)
VALUES (33, 'Uncle Sam Top Hat',
        'Patriotic Hats, Uncle Sam Top Hat - This silk topper is a show stopper. Hand-fashioned quality will transform you into a Yankee Doodle Dandy ... Or you can call us a macaroni (something like that).',
        '199.00', '175.00', 'UncleSamTopHat.jpg', 'UncleSamTopHat.thumb.jpg', 2);
INSERT INTO products (id, name, description, price, discounted_price, image, thumbnail, display)
VALUES (34, 'Velvet Sombrero Hat',
        'Ay Caramba! This is the real thing! Get into this velvet sombrero, which is richly embossed with sequins. Comes in red and black.',
        '79.99', '0.00', 'VelvetSombreroHat.jpg', 'VelvetSombreroHat.thumb.jpg', 0);
INSERT INTO products (id, name, description, price, discounted_price, image, thumbnail, display)
VALUES (35, 'Conductor Hat',
        'Train Railroad Conductor Hat - You been working on the railroad all the live-long day? Well now, you can wear our Conductor''s hat, and your troubles will all go away! We sell a ton of these! Set the scene correctly with an authentic train or streetcar conductor''s uniform hat. Also makes a great gift for transportation enthusiasts. Don''t be a drain ... get on the train!',
        '69.99', '0.00', 'ConductorHat.jpg', 'ConductorHat.thumb.jpg', 0);
INSERT INTO products (id, name, description, price, discounted_price, image, thumbnail, display)
VALUES (36, 'Traditional Colonial Tricorn Hat',
        'Truly revolutionary headgear. This hat is blocked from black wool, and edges are finished with white ribbon. The edges are tacked up for durability. So if you''re glad to be born ... if you wanna toot your own horn ... just hop out of bed some lovely morn ... and put on our Traditional Colonial Tricorn!',
        '39.99', '0.00', 'TraditionalColonialTricornHat.jpg', 'TraditionalColonialTricornHat.thumb.jpg', 0);
INSERT INTO products (id, name, description, price, discounted_price, image, thumbnail, display)
VALUES (37, 'Metal Viking Helmet',
        'You can almost hear the creaking oars of your warship as you glide across open seas! Conquer new worlds with this authentic Nordic reproduction. Crafted from metal and horn, the Viking helmet is a necessity for any adventure. Would you adorn it while biking? ... How about on the wooded trials while hiking? ... Betcha it''ll always be to your liking ... wherever you wear our Metal Viking!',
        '119.99', '105.95', 'MetalVikingHelmet.jpg', 'MetalVikingHelmet.thumb.jpg', 2);
INSERT INTO products (id, name, description, price, discounted_price, image, thumbnail, display)
VALUES (38, 'Confederate Slouch Hat',
        'Our replica Confederate Slouch Hat from the Civil War comes with Cavalry yellow straps and crossed-sword emblem.',
        '129.99', '101.99', 'ConfederateSlouchHat.jpg', 'ConfederateSlouchHat.thumb.jpg', 1);
INSERT INTO products (id, name, description, price, discounted_price, image, thumbnail, display)
VALUES (39, 'Campaign Hat',
        'Dress the part of Dudley-Do-Right, State Trooper Bob, Smokey the Bear, or WWI Doughboy. Wear it in the rain ... wear it carrying a cane ... wear it if you''re crazy or sane ... just wear our versatile Campaign!',
        '44.99', '0.00', 'CampaignHat.jpg', 'CampaignHat.thumb.jpg', 0);
INSERT INTO products (id, name, description, price, discounted_price, image, thumbnail, display)
VALUES (40, 'Civil War Union Slouch Hat',
        'This Yankee slouch hat from the Civil War era comes in a black wool felt material and has the U.S. metal emblem on the front. This Union hat comes with the officer''s cords.',
        '129.99', '0.00', 'CivilWarUnionSlouchHat.jpg', 'CivilWarUnionSlouchHat.thumb.jpg', 0);
INSERT INTO products (id, name, description, price, discounted_price, image, thumbnail, display)
VALUES (41, 'Civil War Leather Kepi Cap',
        'Calling all Civil War buffs! Yanks grab the blue, and Rebs get the gray. You''ll all be victorious in this suede cap worn in the "War Between the States." So, if on the Civil War you''re hep-eee ... then by all means, you gotta have our kepi!',
        '39.99', '0.00', 'CivilWarLeatherKepiCap.jpg', 'CivilWarLeatherKepiCap.thumb.jpg', 0);
INSERT INTO products (id, name, description, price, discounted_price, image, thumbnail, display)
VALUES (42, 'Cavalier Hat - Three Musketeers',
        'Reproduction of the original Cavalier hat complete with a feather! Handblocked from 100% wool felt. This is as close to the real thing as you get. It is better than downing a beer ... it is better than having your honey say, "Come on over here, Dear" ... All you gotta do is let go of your fear ... and order this stunning, galant Cavalier!',
        '185.00', '0.00', 'CavalierHat-ThreeMusketeers.jpg', 'CavalierHat-ThreeMusketeers.thumb.jpg', 1);
INSERT INTO products (id, name, description, price, discounted_price, image, thumbnail, display)
VALUES (43, 'Hussar Military Hat',
        'A "Hussar" was an enlisted Cavalry soldier. All hussar soldiers were taught to read and write, and they commonly kept journals of some sort - probably helping them to pass the time while they were away from home in the service of their country. They were required to keep records of their duties and work, as well.',
        '199.99', '0.00', 'HussarMilitaryHat.jpg', 'HussarMilitaryHat.thumb.jpg', 0);
INSERT INTO products (id, name, description, price, discounted_price, image, thumbnail, display)
VALUES (44, 'Union Civil War Kepi Cap',
        'Union Soldier''s Cap - Yankee Cap - This kepi comes with the crossed musket emblem on the front.', '14.99',
        '0.00', 'UnionCivilWarKepiCap.jpg', 'UnionCivilWarKepiCap.thumb.jpg', 2);
INSERT INTO products (id, name, description, price, discounted_price, image, thumbnail, display)
VALUES (45, 'Tarbucket Helmet Military Hat',
        'This is a reproduction Tarbucket type hat. This style was a popular military style in the early to mid 1800s. The style is similar to a shako hat, with the main difference being that the crown flairs outward.',
        '299.99', '0.00', 'TarbucketHelmetMilitaryHat.jpg', 'TarbucketHelmetMilitaryHat.thumb.jpg', 0);

-- Populate product_category table
INSERT INTO product_category (product_id, category_id)
VALUES (1, 1);
INSERT INTO product_category (product_id, category_id)
VALUES (2, 1);
INSERT INTO product_category (product_id, category_id)
VALUES (3, 1);
INSERT INTO product_category (product_id, category_id)
VALUES (4, 1);
INSERT INTO product_category (product_id, category_id)
VALUES (5, 1);
INSERT INTO product_category (product_id, category_id)
VALUES (6, 1);
INSERT INTO product_category (product_id, category_id)
VALUES (7, 1);
INSERT INTO product_category (product_id, category_id)
VALUES (8, 2);
INSERT INTO product_category (product_id, category_id)
VALUES (9, 2);
INSERT INTO product_category (product_id, category_id)
VALUES (10, 2);
INSERT INTO product_category (product_id, category_id)
VALUES (11, 2);
INSERT INTO product_category (product_id, category_id)
VALUES (12, 2);
INSERT INTO product_category (product_id, category_id)
VALUES (13, 2);
INSERT INTO product_category (product_id, category_id)
VALUES (14, 2);
INSERT INTO product_category (product_id, category_id)
VALUES (15, 2);
INSERT INTO product_category (product_id, category_id)
VALUES (16, 3);
INSERT INTO product_category (product_id, category_id)
VALUES (17, 3);
INSERT INTO product_category (product_id, category_id)
VALUES (18, 3);
INSERT INTO product_category (product_id, category_id)
VALUES (19, 3);
INSERT INTO product_category (product_id, category_id)
VALUES (20, 3);
INSERT INTO product_category (product_id, category_id)
VALUES (21, 3);
INSERT INTO product_category (product_id, category_id)
VALUES (22, 3);
INSERT INTO product_category (product_id, category_id)
VALUES (23, 4);
INSERT INTO product_category (product_id, category_id)
VALUES (24, 4);
INSERT INTO product_category (product_id, category_id)
VALUES (25, 4);
INSERT INTO product_category (product_id, category_id)
VALUES (26, 4);
INSERT INTO product_category (product_id, category_id)
VALUES (8, 5);
INSERT INTO product_category (product_id, category_id)
VALUES (27, 5);
INSERT INTO product_category (product_id, category_id)
VALUES (28, 5);
INSERT INTO product_category (product_id, category_id)
VALUES (29, 5);
INSERT INTO product_category (product_id, category_id)
VALUES (30, 6);
INSERT INTO product_category (product_id, category_id)
VALUES (31, 6);
INSERT INTO product_category (product_id, category_id)
VALUES (32, 6);
INSERT INTO product_category (product_id, category_id)
VALUES (33, 6);
INSERT INTO product_category (product_id, category_id)
VALUES (34, 6);
INSERT INTO product_category (product_id, category_id)
VALUES (35, 6);
INSERT INTO product_category (product_id, category_id)
VALUES (26, 7);
INSERT INTO product_category (product_id, category_id)
VALUES (36, 7);
INSERT INTO product_category (product_id, category_id)
VALUES (37, 7);
INSERT INTO product_category (product_id, category_id)
VALUES (38, 7);
INSERT INTO product_category (product_id, category_id)
VALUES (39, 7);
INSERT INTO product_category (product_id, category_id)
VALUES (40, 7);
INSERT INTO product_category (product_id, category_id)
VALUES (41, 7);
INSERT INTO product_category (product_id, category_id)
VALUES (42, 7);
INSERT INTO product_category (product_id, category_id)
VALUES (43, 7);
INSERT INTO product_category (product_id, category_id)
VALUES (44, 7);
INSERT INTO product_category (product_id, category_id)
VALUES (45, 7);

-- Populate shipping_region table
INSERT INTO shipping_regions (id, shipping_region)
VALUES (1, 'Please Select');
INSERT INTO shipping_regions (id, shipping_region)
VALUES (2, 'US / Canada');
INSERT INTO shipping_regions (id, shipping_region)
VALUES (3, 'Europe');
INSERT INTO shipping_regions (id, shipping_region)
VALUES (4, 'Rest of World');

-- Populate shipping table
INSERT INTO shippings (id, shipping_type, shipping_cost, shipping_region_id)
VALUES (1, 'Next Day Delivery ($20)', 20.00, 2);
INSERT INTO shippings (id, shipping_type, shipping_cost, shipping_region_id)
VALUES (2, '3-4 Days ($10)', 10.00, 2);
INSERT INTO shippings (id, shipping_type, shipping_cost, shipping_region_id)
VALUES (3, '7 Days ($5)', 5.00, 2);
INSERT INTO shippings (id, shipping_type, shipping_cost, shipping_region_id)
VALUES (4, 'By air (7 days, $25)', 25.00, 3);
INSERT INTO shippings (id, shipping_type, shipping_cost, shipping_region_id)
VALUES (5, 'By sea (28 days, $10)', 10.00, 3);
INSERT INTO shippings (id, shipping_type, shipping_cost, shipping_region_id)
VALUES (6, 'By air (10 days, $35)', 35.00, 4);
INSERT INTO shippings (id, shipping_type, shipping_cost, shipping_region_id)
VALUES (7, 'By sea (28 days, $30)', 30.00, 4);

-- Populate tax table
INSERT INTO taxes (id, tax_type, tax_percentage)
VALUES (1, 'Sales Tax at 8.5%', 8.50);
INSERT INTO taxes (id, tax_type, tax_percentage)
VALUES (2, 'No Tax', 0.00);

-- Populate users table
insert into users (id, account_non_expired, account_non_locked, credentials_non_expired, enabled, username, email,
                   first_name, last_name, password)
values (1, TRUE, TRUE, TRUE, TRUE, 'customer1', 'customer1@email.com', 'Customer', 'One',
        '$2a$10$IiGqPOE4C0MzTE3306DrwO9ah9umqhtaIEwy.Sf0cw.wq6V9h9kcS');

insert into customers (id, shipping_region_id)
values (1, 2);

insert into users (id, account_non_expired, account_non_locked, credentials_non_expired, enabled, username, email,
                   first_name, last_name, password)
values (2, TRUE, TRUE, TRUE, TRUE, 'admin1', 'admin1@email.com', 'Admin', 'One',
        '$2a$10$NvlQu/aG/5lQrvgsfPPgcuOxamua8dP9I5VwHc5vNhrH4eLlBkENK');

-- Populate roles table
insert into roles (role, id)
values ('ROLE_CUSTOMER', 1),
('ROLE_ADMIN', 2);

-- Populate users_roles table
insert into users_roles (user_id, roles_id)
values (1, 1);
insert into users_roles (user_id, roles_id)
values (2, 2);
